{"_timestamp": 1590554047.7526584, "_runtime": 516.624915599823, "_step": 15561, "Rewards": 0.0, "Loss": 0.3916471004486084}
