{"_timestamp": 1590549516.8147166, "_runtime": 1906.4442007541656, "_step": 1803, "Rewards": 1.0}
