{"_runtime": 5987.169798135757, "_step": 154, "Rewards": 13.0, "_timestamp": 1590546846.618795}
