{"_timestamp": 1590555126.7425196, "_runtime": 1032.8390009403229, "Rewards": 5.0, "_step": 8162, "Loss": 1.1316086053848267}
