{"_timestamp": 1590552579.0321052, "_runtime": 2558.932164669037, "_step": 91685, "Rewards": 3.0, "Loss": 0.25520461797714233}
