{"initial_reset_timestamp": 1590549976.6374776, "timestamps": [1590549976.7602556, 1590549976.838227, 1590549976.8745475, 1590549976.987137, 1590549977.0712316, 1590549977.133629, 1590549977.174156, 1590549977.2102776, 1590549977.2501872, 1590549977.287592, 1590549977.455501, 1590549977.521248, 1590549977.5839438, 1590549977.6168141, 1590549977.6505554, 1590549977.6928005, 1590549977.7233791, 1590549977.756042, 1590549977.7886472, 1590549977.8374279, 1590549977.9675145, 1590549978.006513, 1590549978.0370553, 1590549978.0699074, 1590549978.1018991, 1590549978.1440806, 1590549978.1761103, 1590549978.2079103, 1590549978.2402236, 1590549978.272222, 1590549978.4179602, 1590549978.45916, 1590549978.8015254, 1590549978.8514957, 1590549978.8871667, 1590549978.9329062, 1590549978.9646187, 1590549978.9990847, 1590549979.033578, 1590549979.0667791, 1590549979.1923082, 1590549979.2332406, 1590549979.263611, 1590549979.3415542, 1590549979.3744726, 1590549979.4136696, 1590549979.4460964, 1590549979.4791598, 1590549979.5122514, 1590549979.5419767, 1590549979.6706681, 1590549979.7118304, 1590549979.7447207, 1590549979.7776222, 1590549979.8867395, 1590549979.974317, 1590549980.0060625, 1590549980.1139314, 1590549980.4960935, 1590549980.5842414, 1590549980.7126791, 1590549980.7639663, 1590549980.811265, 1590549980.8918235, 1590549980.9245288, 1590549981.039669, 1590549981.0723443, 1590549981.1053534, 1590549981.1843646, 1590549981.216704, 1590549981.3653529, 1590549981.4341578, 1590549981.5425923, 1590549981.5754762, 1590549981.6079674, 1590549981.6501398, 1590549981.74223, 1590549981.7745152, 1590549981.8074515, 1590549981.8862343, 1590549982.0671263, 1590549982.3372068, 1590549982.397109, 1590549982.4293556, 1590549982.4608479, 1590549982.50276, 1590549982.534921, 1590549982.567126, 1590549982.5993147, 1590549982.6311193, 1590549982.7610273, 1590549982.8026774, 1590549982.835453, 1590549982.869656, 1590549982.9142632, 1590549982.9533572, 1590549982.9857757, 1590549983.0184073, 1590549983.0508413, 1590549983.0826397, 1590549983.2101624, 1590549983.2959561, 1590549983.3291566, 1590549983.3616035, 1590549983.3934448, 1590549983.4622266, 1590549983.4932384, 1590549983.5242062, 1590549983.5729, 1590549983.6030889, 1590549983.730693, 1590549983.7724469, 1590549983.8055363, 1590549983.8385491, 1590549983.8689873, 1590549983.909179, 1590549983.943528, 1590549984.1857734, 1590549984.2675831, 1590549984.299679, 1590549984.4262173, 1590549984.513236, 1590549984.5460997, 1590549984.6509383, 1590549984.685795, 1590549984.771721, 1590549984.8026302, 1590549984.8365228, 1590549984.8957233, 1590549984.9433389, 1590549985.1069963, 1590549985.2137399, 1590549985.2959788, 1590549985.3281193, 1590549985.36134, 1590549985.404649, 1590549985.512714, 1590549985.5466182, 1590549985.5825787, 1590549985.6181097, 1590549985.7404466, 1590549986.0438948, 1590549986.0745609, 1590549986.1495242, 1590549986.2280438, 1590549986.270903, 1590549986.3045802, 1590549986.337802, 1590549986.369653, 1590549986.3993254, 1590549986.5835464, 1590549986.6182806, 1590549986.6501422, 1590549986.685844, 1590549986.7331002, 1590549986.788609, 1590549986.848033, 1590549986.8808413, 1590549986.913841, 1590549986.9464333, 1590549987.0713263, 1590549987.1133077, 1590549987.192652, 1590549987.2258818, 1590549987.2565684, 1590549987.2966924, 1590549987.40313, 1590549987.4350572, 1590549987.4676867, 1590549987.5293279, 1590549987.846637, 1590549987.8847697, 1590549987.9908133, 1590549988.0362651, 1590549988.0684974, 1590549988.1686807, 1590549988.3223212, 1590549988.3586779, 1590549988.4389203, 1590549988.4699893, 1590549988.5964882, 1590549988.6354876, 1590549988.668551, 1590549988.7736723, 1590549988.83352, 1590549988.879708, 1590549988.9165914, 1590549988.9609032, 1590549988.9966438, 1590549989.0272567, 1590549989.1553113, 1590549989.2690609, 1590549989.3493817, 1590549989.3822, 1590549989.4133763, 1590549989.626204, 1590549989.6576343, 1590549989.688169, 1590549989.7204092, 1590549989.7524729, 1590549989.9352784, 1590549989.9750347, 1590549990.0058398, 1590549990.0388193, 1590549990.0707705, 1590549990.1103206, 1590549990.1431599, 1590549990.1755095, 1590549990.207857, 1590549990.2396357, 1590549990.3673403, 1590549990.435263, 1590549990.4683719, 1590549990.5009909, 1590549990.5309625, 1590549990.5727496, 1590549990.604786, 1590549990.6376202, 1590549990.668044, 1590549990.6998842, 1590549990.828248, 1590549990.8964262, 1590549991.0061908, 1590549991.1341145, 1590549991.1826482, 1590549991.2209148, 1590549991.252578, 1590549991.2843575, 1590549991.5439987, 1590549991.5743618, 1590549991.741218, 1590549991.781444, 1590549991.8147557, 1590549991.9262636, 1590549991.9740765, 1590549992.014187, 1590549992.0465753, 1590549992.1243844, 1590549992.206611, 1590549992.2365766, 1590549992.3716042, 1590549992.410493, 1590549992.4429975, 1590549992.4761899, 1590549992.5069053, 1590549992.5754757, 1590549992.6081462, 1590549992.6387477, 1590549992.6712394, 1590549992.749881, 1590549992.9354968, 1590549992.975172, 1590549993.008163, 1590549993.0389583, 1590549993.084594, 1590549993.1311, 1590549993.1639965, 1590549993.3663733, 1590549993.4441674, 1590549993.474505, 1590549993.6371033, 1590549993.6752486, 1590549993.7076328, 1590549993.7379768, 1590549993.7708375, 1590549993.8131938, 1590549993.8454955, 1590549993.875621, 1590549993.9078736, 1590549993.9394636, 1590549994.0661452, 1590549994.1848347, 1590549994.230819, 1590549994.2626948, 1590549994.2933707, 1590549994.3322911, 1590549994.365403, 1590549994.395288, 1590549994.4273407, 1590549994.4590046, 1590549994.6788795, 1590549994.7147336, 1590549994.7964282, 1590549994.8413146, 1590549995.0363607], "episode_lengths": [23, 49, 23, 98, 70, 23, 23, 21, 23, 23, 51, 23, 52, 23, 23, 23, 21, 23, 23, 23, 23, 21, 21, 23, 23, 23, 23, 23, 23, 23, 23, 23, 117, 23, 23, 23, 21, 23, 23, 23, 23, 23, 21, 68, 23, 23, 23, 23, 23, 21, 23, 23, 23, 23, 98, 69, 21, 98, 187, 75, 23, 23, 21, 68, 23, 98, 23, 23, 70, 23, 23, 51, 96, 23, 23, 23, 67, 23, 23, 70, 51, 52, 51, 23, 23, 23, 23, 23, 23, 23, 23, 23, 23, 23, 23, 23, 23, 23, 23, 23, 23, 67, 23, 23, 23, 53, 21, 21, 23, 21, 23, 23, 23, 23, 21, 23, 23, 69, 72, 23, 23, 68, 23, 96, 23, 69, 21, 23, 49, 23, 23, 72, 72, 21, 23, 23, 98, 23, 23, 23, 23, 96, 23, 68, 71, 23, 23, 23, 23, 23, 72, 21, 23, 23, 23, 23, 49, 23, 23, 23, 23, 23, 68, 23, 21, 23, 96, 21, 21, 51, 23, 23, 96, 21, 23, 69, 147, 21, 72, 21, 23, 23, 23, 21, 51, 23, 23, 23, 21, 21, 23, 98, 71, 23, 23, 23, 21, 21, 23, 23, 69, 23, 21, 23, 23, 23, 23, 23, 23, 23, 23, 23, 23, 23, 21, 23, 23, 23, 21, 23, 23, 51, 100, 121, 23, 23, 23, 23, 70, 21, 23, 23, 23, 98, 23, 23, 23, 69, 72, 21, 23, 23, 23, 23, 21, 51, 23, 21, 23, 69, 69, 23, 23, 21, 23, 23, 23, 23, 69, 21, 23, 23, 23, 21, 23, 23, 23, 21, 23, 23, 23, 69, 23, 23, 21, 23, 23, 21, 23, 23, 98, 21, 71, 21, 187],