{"_runtime": 466.88359904289246, "_step": 34, "Rewards": -1.0, "_timestamp": 1590540812.7060726}
