{"Rewards": 7.0, "_step": 8199, "_runtime": 436.96736001968384, "_timestamp": 1590557335.7515476, "Loss": 0.5605394840240479}
