{"_timestamp": 1590547421.7705543, "_runtime": 46.67456650733948, "_step": 298, "Rewards": 0.0}
