{"_runtime": 243.4854691028595, "_step": 8718, "Rewards": -1.0, "_timestamp": 1590538730.5974822, "Loss": 0.00040792854269966483}
