{"_timestamp": 1590549995.0768702, "_runtime": 20.011548042297363, "_step": 285, "Rewards": 4.0, "Loss": 39.79608917236328}
